FV_GEMM_Fixed_Weights_Each_Cycle_driver,2,bmc,default,/home/giorgio/formal-verification/formal_verification_project/systolic_array/FV/benchmark_output/bench_data/gen_FV_GEMM_Fixed_Weights_Each_Cycle_driver_sa_size_2_prove_depth_6_bmc_depth_14_tag_default_2024_12_15_00.41.06.txt
FV_GEMM_Fixed_Weights_Each_Cycle_driver,4,bmc,default,/home/giorgio/formal-verification/formal_verification_project/systolic_array/FV/benchmark_output/bench_data/gen_FV_GEMM_Fixed_Weights_Each_Cycle_driver_sa_size_4_prove_depth_10_bmc_depth_18_tag_default_2024_12_15_00.41.07.txt
FV_GEMM_Fixed_Weights_Each_Cycle_driver,8,bmc,default,/home/giorgio/formal-verification/formal_verification_project/systolic_array/FV/benchmark_output/bench_data/gen_FV_GEMM_Fixed_Weights_Each_Cycle_driver_sa_size_8_prove_depth_18_bmc_depth_26_tag_default_2024_12_15_00.42.01.txt
FV_GEMM_Fixed_Weights_Each_Cycle_driver,12,bmc,default,/home/giorgio/formal-verification/formal_verification_project/systolic_array/FV/benchmark_output/bench_data/gen_FV_GEMM_Fixed_Weights_Each_Cycle_driver_sa_size_12_prove_depth_26_bmc_depth_34_tag_default_2024_12_15_00.44.48.txt
FV_GEMM_Fixed_Weights_Each_Cycle_driver,16,bmc,default,/home/giorgio/formal-verification/formal_verification_project/systolic_array/FV/benchmark_output/bench_data/gen_FV_GEMM_Fixed_Weights_Each_Cycle_driver_sa_size_16_prove_depth_34_bmc_depth_42_tag_default_2024_12_15_00.50.56.txt
FV_GEMM_Fixed_Weights_Each_Cycle_driver,24,bmc,default,/home/giorgio/formal-verification/formal_verification_project/systolic_array/FV/benchmark_output/bench_data/gen_FV_GEMM_Fixed_Weights_Each_Cycle_driver_sa_size_24_prove_depth_50_bmc_depth_58_tag_default_2024_12_15_01.05.23.txt
FV_GEMM_Fixed_Weights_Each_Cycle_driver,32,bmc,default,/home/giorgio/formal-verification/formal_verification_project/systolic_array/FV/benchmark_output/bench_data/gen_FV_GEMM_Fixed_Weights_Each_Cycle_driver_sa_size_32_prove_depth_66_bmc_depth_74_tag_default_2024_12_15_01.33.08.txt
FV_GEMM_Fixed_Weights_Each_Cycle_driver,2,prove,default,/home/giorgio/formal-verification/formal_verification_project/systolic_array/FV/benchmark_output/bench_data/gen_FV_GEMM_Fixed_Weights_Each_Cycle_driver_sa_size_2_prove_depth_6_bmc_depth_14_tag_default_2024_12_15_01.33.08.txt
FV_GEMM_Fixed_Weights_Each_Cycle_driver,4,prove,default,/home/giorgio/formal-verification/formal_verification_project/systolic_array/FV/benchmark_output/bench_data/gen_FV_GEMM_Fixed_Weights_Each_Cycle_driver_sa_size_4_prove_depth_10_bmc_depth_18_tag_default_2024_12_15_01.33.09.txt
FV_GEMM_Fixed_Weights_Each_Cycle_driver,8,prove,default,/home/giorgio/formal-verification/formal_verification_project/systolic_array/FV/benchmark_output/bench_data/gen_FV_GEMM_Fixed_Weights_Each_Cycle_driver_sa_size_8_prove_depth_18_bmc_depth_26_tag_default_2024_12_15_01.33.41.txt
FV_GEMM_Fixed_Weights_Each_Cycle_driver,12,prove,default,/home/giorgio/formal-verification/formal_verification_project/systolic_array/FV/benchmark_output/bench_data/gen_FV_GEMM_Fixed_Weights_Each_Cycle_driver_sa_size_12_prove_depth_26_bmc_depth_34_tag_default_2024_12_15_01.36.54.txt
FV_GEMM_Fixed_Weights_Each_Cycle_driver,16,prove,default,/home/giorgio/formal-verification/formal_verification_project/systolic_array/FV/benchmark_output/bench_data/gen_FV_GEMM_Fixed_Weights_Each_Cycle_driver_sa_size_16_prove_depth_34_bmc_depth_42_tag_default_2024_12_15_01.48.56.txt
FV_GEMM_Fixed_Weights_Each_Cycle_driver,24,prove,default,/home/giorgio/formal-verification/formal_verification_project/systolic_array/FV/benchmark_output/bench_data/gen_FV_GEMM_Fixed_Weights_Each_Cycle_driver_sa_size_24_prove_depth_50_bmc_depth_58_tag_default_2024_12_15_01.57.53.txt
FV_GEMM_Fixed_Weights_Each_Cycle_driver,32,prove,default,/home/giorgio/formal-verification/formal_verification_project/systolic_array/FV/benchmark_output/bench_data/gen_FV_GEMM_Fixed_Weights_Each_Cycle_driver_sa_size_32_prove_depth_66_bmc_depth_74_tag_default_2024_12_15_02.04.37.txt
FV_GEMM_Fixed_Weights_Each_Cycle_driver,2,live,default,/home/giorgio/formal-verification/formal_verification_project/systolic_array/FV/benchmark_output/bench_data/gen_FV_GEMM_Fixed_Weights_Each_Cycle_driver_sa_size_2_prove_depth_6_bmc_depth_14_tag_default_2024_12_15_02.04.38.txt
FV_GEMM_Fixed_Weights_Each_Cycle_driver,4,live,default,/home/giorgio/formal-verification/formal_verification_project/systolic_array/FV/benchmark_output/bench_data/gen_FV_GEMM_Fixed_Weights_Each_Cycle_driver_sa_size_4_prove_depth_10_bmc_depth_18_tag_default_2024_12_15_02.13.57.txt
FV_GEMM_Fixed_Weights_Each_Cycle_driver,8,live,default,/home/giorgio/formal-verification/formal_verification_project/systolic_array/FV/benchmark_output/bench_data/gen_FV_GEMM_Fixed_Weights_Each_Cycle_driver_sa_size_8_prove_depth_18_bmc_depth_26_tag_default_2024_12_15_02.18.23.txt
FV_GEMM_Fixed_Weights_Each_Cycle_driver,12,live,default,/home/giorgio/formal-verification/formal_verification_project/systolic_array/FV/benchmark_output/bench_data/gen_FV_GEMM_Fixed_Weights_Each_Cycle_driver_sa_size_12_prove_depth_26_bmc_depth_34_tag_default_2024_12_15_02.25.52.txt
FV_GEMM_Fixed_Weights_Each_Cycle_driver,16,live,default,/home/giorgio/formal-verification/formal_verification_project/systolic_array/FV/benchmark_output/bench_data/gen_FV_GEMM_Fixed_Weights_Each_Cycle_driver_sa_size_16_prove_depth_34_bmc_depth_42_tag_default_2024_12_15_02.35.43.txt
FV_GEMM_Fixed_Weights_Each_Cycle_driver,24,live,default,/home/giorgio/formal-verification/formal_verification_project/systolic_array/FV/benchmark_output/bench_data/gen_FV_GEMM_Fixed_Weights_Each_Cycle_driver_sa_size_24_prove_depth_50_bmc_depth_58_tag_default_2024_12_15_02.55.01.txt
FV_GEMM_Fixed_Weights_Each_Cycle_driver,32,live,default,/home/giorgio/formal-verification/formal_verification_project/systolic_array/FV/benchmark_output/bench_data/gen_FV_GEMM_Fixed_Weights_Each_Cycle_driver_sa_size_32_prove_depth_66_bmc_depth_74_tag_default_2024_12_15_03.24.22.txt
